"Week Ending","Federal Provider Number","Provider Name","Provider Address","Provider City","Provider State","Provider Zip Code","Provider Phone Number","County","Submitted Data","Passed Quality Assurance Check","Residents Weekly Admissions COVID-19","Residents Total Admissions COVID-19","Residents Weekly Confirmed COVID-19","Residents Total Confirmed COVID-19","Residents Weekly All Deaths","Residents Total All Deaths","Residents Weekly COVID-19 Deaths","Residents Total COVID-19 Deaths","Number of All Beds","Total Number of Occupied Beds","Staff Weekly Confirmed COVID-19","Staff Total Confirmed COVID-19","Staff Weekly COVID-19 Deaths","Staff Total COVID-19 Deaths","Shortage of Nursing Staff","Shortage of Clinical Staff","Shortage of Aides","Shortage of Other Staff","Weekly Resident Confirmed COVID-19 Cases Per 1,000 Residents","Weekly Resident COVID-19 Deaths Per 1,000 Residents","Total Resident Confirmed COVID-19 Cases Per 1,000 Residents","Total Resident COVID-19 Deaths Per 1,000 Residents","Three or More Confirmed COVID-19 Cases This Week","Initial Confirmed COVID-19 Case This Week","Number of Residents with a New Positive COVID-19 Test Result","Number of Residents with New Influenza","Number of Staff and/or Personnel with a New Positive COVID-19 Test Result","Number of Staff and/or Personnel with New Influenza","Able to Test or Obtain Resources to Test All Residents, Staff, and/or Personnel","Facility No Longer Has Supply Items in 7 Days","N95 Respirator No Longer Available in 7 Days","Face Masks No Longer Available in 7 Days","Eye Protection No Longer Available in 7 Days","Gowns No Longer Available in 7 Days","Gloves No Longer Available in 7 Days","Number of Residents Not Vaccinated with COVID-19 Vaccine or who Received COVID-19 Vaccine Dose 1, 13 Days or Less Before Positive Test","Number of Residents who Received COVID-19 Vaccine Dose 1 Only, 14 Days or More Before Positive Test","Number of Residents who Received COVID-19 Vaccine Doses 1 and 2, 14 Days or More Before Positive Test","Number of Residents who Received a COVID-19 Vaccine Booster, 14 Days or More Before Positive Test","Number of Residents who Received Only One COVID-19 Vaccine Booster, 14 Days or More Before Positive Test","Number of Residents who Received Two or More COVID-19 Vaccine Boosters, 14 Days or More Before Positive Test","Number of Residents who are Up to Date on COVID-19 Vaccinations, 14 Days or More Before Positive Test","Therapeutic Bamlanivimab: Number of Residents Treated from Stock Stored at This Facility","Therapeutic Bamlanivimab: Number of Residents Treated from Stock Stored at Another Facility","Therapeutic Casirivimab plus Imdevimab: Number of Residents Treated from Stock Stored at This Facility","Therapeutic Casirivimab plus Imdevimab: Number of Residents Treated from Stock Stored at Another Facility","Therapeutic Bamlanivimab plus Etesevimab: Number of Residents Treated from Stock Stored at This Facility","Therapeutic Bamlanivimab plus Etesevimab: Number of Residents Treated from Stock Stored at Another Facility","Therapeutic Sotrovimab: Number of Residents Treated from Stock Stored at This Facility","Therapeutic Sotrovimab: Number of Residents Treated from Stock Stored at Another Facility","Therapeutic Evusheld: Number of Residents Treated from Stock Stored at This Facility","Therapeutic Evusheld: Number of Residents Treated from Stock Stored at Another Facility","Therapeutic Molnupiravir: Number of Residents Treated from Stock Stored at This Facility","Therapeutic Molnupiravir: Number of Residents Treated from Stock Stored at Another Facility","Therapeutic Paxlovid: Number of Residents Treated from Stock Stored at This Facility","Therapeutic Paxlovid: Number of Residents Treated from Stock Stored at Another Facility","Therapeutic Bebtelovimab: Number of Residents Treated from Stock Stored at This Facility","Therapeutic Bebtelovimab: Number of Residents Treated from Stock Stored at Another Facility","Number of Residents Staying in this Facility for At Least 1 Day This Week","Number of Residents Staying in this Facility for At Least 1 Day This Week who Received a Completed COVID-19 Vaccination at Any Time","Number of Residents Staying in this Facility for At Least 1 Day This Week who Received a Partial COVID-19 Vaccination at Any Time","Number of Residents Staying in this Facility for At Least 1 Day This Week with a Medical Contraindication to a COVID-19 Vaccine at Any Time","Number of Residents Staying in this Facility for At Least 1 Day This Week who were Offered but Declined a COVID-19 Vaccine at Any Time","Number of Residents Staying in this Facility for At Least 1 Day This Week with an Unknown COVID-19 Vaccination Status at Any Time","Recent Percentage of Current Residents who Received a Completed COVID-19 Vaccination at Any Time","Percentage of Current Residents who Received a Completed COVID-19 Vaccination at Any Time","Percentage of Current Residents who Received a Partial COVID-19 Vaccination at Any Time","Percentage of Current Residents who Received a Completed or Partial COVID-19 Vaccination at Any Time","Percentage of Current Residents with No Medical Contraindications who Received a Completed COVID-19 Vaccination at Any Time","Percentage of Current Residents with No Medical Contraindications who Received a Partial COVID-19 Vaccination at Any Time","Percentage of Current Residents with No Medical Contraindications who Received a Completed or Partial COVID-19 Vaccination at Any Time","Percentage of Current Residents with No Medical Contraindications who Received a Completed COVID-19 Vaccination, Excluding Declinations from Eligible Residents at Any Time","Number of All Healthcare Personnel Eligible to Work in this Facility for At Least 1 Day This Week","Number of All Healthcare Personnel Eligible to Work in this Facility for At Least 1 Day This Week who Received a Completed COVID-19 Vaccination at Any Time","Number of All Healthcare Personnel Eligible to Work in this Facility for At Least 1 Day This Week who Received a Partial COVID-19 Vaccination at Any Time","Number of All Healthcare Personnel Eligible to Work in this Facility for At Least 1 Day This Week with a Medical Contraindication to a COVID-19 Vaccine at Any Time","Number of All Healthcare Personnel Eligible to Work in this Facility for At Least 1 Day This Week who were Offered but Declined a COVID-19 Vaccine at Any Time","Number of All Healthcare Personnel Eligible to Work in this Facility for At Least 1 Day This Week with an Unknown COVID-19 Vaccination Status at Any Time","Recent Percentage of Current Healthcare Personnel who Received a Completed COVID-19 Vaccination at Any Time","Percentage of Current Healthcare Personnel who Received a Completed COVID-19 Vaccination at Any Time","Percentage of Current Healthcare Personnel who Received a Partial COVID-19 Vaccination at Any Time","Recent Percentage of Current Healthcare Personnel who Received a Completed or Partial COVID-19 Vaccination at Any Time","Percentage of Current Healthcare Personnel who Received a Completed or Partial COVID-19 Vaccination at Any Time","Percentage of Current Healthcare Personnel with No Medical Contraindications who Received a Completed COVID-19 Vaccination at Any Time","Percentage of Current Healthcare Personnel with No Medical Contraindications who Received a Partial COVID-19 Vaccination at Any Time","Percentage of Current Healthcare Personnel with No Medical Contraindications who Received a Completed or Partial COVID-19 Vaccination at Any Time","Percentage of Current Healthcare Personnel with No Medical Contraindications who Received a Completed COVID-19 Vaccination, Excluding Declinations from Eligible Personnel at Any Time","Number of Residents with a Completed Vaccination Staying in this Facility for At Least 1 Day This Week who Received a COVID-19 Vaccine Booster at Any Time","Recent Percentage of Current Residents with a Completed Vaccination who Received a COVID-19 Vaccine Booster at Any Time","Percentage of Current Residents with a Completed Vaccination who Received a COVID-19 Vaccine Booster at Any Time","Number of Residents Staying in this Facility for At Least 1 Day This Week who Received Only One COVID-19 Vaccine Booster","Recent Percentage of Current Residents with a Completed Vaccination who Received Only One COVID-19 Vaccine Booster","Percentage of Current Residents with a Completed Vaccination who Received Only One COVID-19 Vaccine Booster","Number of Residents Staying in this Facility for At Least 1 Day This Week who Received Two or More COVID-19 Vaccine Boosters","Recent Percentage of Current Residents with a Completed Vaccination who Received Two or More COVID-19 Vaccine Boosters","Percentage of Current Residents with a Completed Vaccination who Received Two or More COVID-19 Vaccine Boosters","Number of Residents Staying in this Facility for At Least 1 Day This Week Up to Date with COVID-19 Vaccines","Recent Percentage of Current Residents Up to Date with COVID-19 Vaccines","Percentage of Current Residents Up to Date with COVID-19 Vaccines","Percentage of Current Residents Up to Date with COVID-19 Vaccines with No Medical Contraindications","Percentage of Current Residents with a Completed Vaccination Up to Date with COVID-19 Vaccines","Number of Healthcare Personnel with a Completed Vaccination Staying in this Facility for At Least 1 Day This Week who Received a COVID-19 Vaccine Booster at Any Time","Recent Percentage of Current Healthcare Personnel with a Completed Vaccination who Received a COVID-19 Vaccine Booster at Any Time","Percentage of Current Healthcare Personnel with a Completed Vaccination who Received a COVID-19 Vaccine Booster at Any Time","Number of Healthcare Personnel Eligible to Work in this Facility for At Least 1 Day This Week Up to Date with COVID-19 Vaccines","Recent Percentage of Current Healthcare Personnel Up to Date with COVID-19 Vaccines","Percentage of Current Healthcare Personnel Up to Date with COVID-19 Vaccines","Percentage of Current Healthcare Personnel Up to Date with COVID-19 Vaccines with No Medical Contraindications","Percentage of Current Healthcare Personnel with a Completed Vaccination Up to Date with COVID-19 Vaccines"
"01/02/22","335458","THE GRAND REHABILITATION AND NURSING AT PAWLING","9 RESERVOIR ROAD","PAWLING","NY","12564","8458555700","Dutchess","Y","Y",0,3,0,28,2,50,0,8,122,104,4,63,0,0,"N","N","N","N",0,0,269.23,76.92,"N","N",0,0,4,0,"","","","","","","",,,,,,,,,,0,0,0,0,0,0,,,,,,,,,107,92,1,0,14,0,,85.981,0.935,86.916,85.981,0.935,86.916,98.925,166,164,2,0,0,0,,98.795,1.205,,100,98.795,1.205,100,98.795,73,,79.348,,,0,,,0,,,0,0,0,30,,18.293,,,0,0,0
"01/09/22","335458","THE GRAND REHABILITATION AND NURSING AT PAWLING","9 RESERVOIR ROAD","PAWLING","NY","12564","8458555700","Dutchess","Y","Y",0,3,1,29,2,52,0,8,122,109,22,85,0,0,"N","N","N","N",9.17,0,266.06,73.39,"N","N",1,0,22,0,"","","","","","","",,,,,,,,,,0,0,0,0,0,0,,,,,,,,,110,95,1,0,14,0,,86.364,0.909,87.273,86.364,0.909,87.273,98.958,171,169,2,0,0,0,,98.83,1.17,,100,98.83,1.17,100,98.83,73,,76.842,,,0,,,0,,,0,0,0,32,,18.935,,,0,0,0
"01/16/22","335458","THE GRAND REHABILITATION AND NURSING AT PAWLING","9 RESERVOIR ROAD","PAWLING","NY","12564","8458555700","Dutchess","Y","Y",0,3,1,30,0,52,0,8,122,109,16,101,0,0,"N","N","N","N",9.17,0,275.23,73.39,"N","N",1,0,16,0,"","","","","","","",,,,,,,,,,0,0,2,2,0,0,0,0,0,0,0,0,,,113,99,0,0,14,0,,87.611,0,87.611,87.611,0,87.611,100,167,165,2,0,0,0,,98.802,1.198,,100,98.802,1.198,100,98.802,75,,75.758,,,0,,,0,,,0,0,0,34,,20.606,,,0,0,0
"01/23/22","335458","THE GRAND REHABILITATION AND NURSING AT PAWLING","9 RESERVOIR ROAD","PAWLING","NY","12564","8458555700","Dutchess","Y","Y",0,3,12,42,0,52,0,8,122,112,6,107,0,0,"N","N","N","N",107.14,0,375,71.43,"Y","N",12,0,6,0,"","","","","","","",,,,,,,,,,4,4,2,2,0,0,0,0,0,0,0,0,,,112,97,0,0,15,0,,86.607,0,86.607,86.607,0,86.607,100,173,172,1,0,0,0,,99.422,0.578,,100,99.422,0.578,100,99.422,73,,75.258,,,0,,,0,,,0,0,0,34,,19.767,,,0,0,0
"01/30/22","335458","THE GRAND REHABILITATION AND NURSING AT PAWLING","9 RESERVOIR ROAD","PAWLING","NY","12564","8458555700","Dutchess","Y","Y",0,3,7,49,0,52,0,8,122,108,6,113,0,0,"N","N","N","N",64.81,0,453.7,74.07,"Y","N",7,0,6,0,"","","","","","","",,,,,,,,,,0,0,0,0,1,1,0,0,0,0,0,0,,,115,98,0,0,17,0,,85.217,0,85.217,85.217,0,85.217,100,177,174,3,0,0,0,,98.305,1.695,,100,98.305,1.695,100,98.305,73,,74.49,,,0,,,0,,,0,0,0,40,,22.989,,,0,0,0
"02/06/22","335458","THE GRAND REHABILITATION AND NURSING AT PAWLING","9 RESERVOIR ROAD","PAWLING","NY","12564","8458555700","Dutchess","Y","Y",0,3,0,49,4,56,4,12,122,104,2,115,0,0,"N","N","N","N",0,38.46,471.15,115.38,"N","N",0,0,2,0,"","","","","","","",,,,,,,,,,0,0,0,0,0,0,0,0,0,0,0,0,,,112,96,0,0,16,0,,85.714,0,85.714,85.714,0,85.714,100,178,175,3,0,0,0,,98.315,1.685,,100,98.315,1.685,100,98.315,75,,78.125,,,0,,,0,,,0,0,0,40,,22.857,,,0,0,0
"02/13/22","335458","THE GRAND REHABILITATION AND NURSING AT PAWLING","9 RESERVOIR ROAD","PAWLING","NY","12564","8458555700","Dutchess","Y","Y",0,3,0,49,1,57,0,12,122,99,0,115,0,0,"N","N","N","N",0,0,494.95,121.21,"N","N",0,0,0,0,"","","","","","","",,,,,,,,,,0,0,0,0,0,0,0,0,0,0,0,0,,,107,91,1,0,15,0,,85.047,0.935,85.981,85.047,0.935,85.981,98.913,174,172,2,0,0,0,,98.851,1.149,,100,98.851,1.149,100,98.851,68,,74.725,,,0,,,0,,,0,0,0,46,,26.744,,,0,0,0
"02/20/22","335458","THE GRAND REHABILITATION AND NURSING AT PAWLING","9 RESERVOIR ROAD","PAWLING","NY","12564","8458555700","Dutchess","Y","Y",0,3,0,49,2,59,0,12,122,97,1,116,0,0,"N","N","N","N",0,0,505.15,123.71,"N","N",0,0,1,0,"","","","","","","",,,,,,,,,,0,0,0,0,0,0,0,0,0,0,0,0,,,101,84,1,0,16,0,,83.168,0.99,84.158,83.168,0.99,84.158,98.824,175,174,1,0,0,0,,99.429,0.571,,100,99.429,0.571,100,99.429,68,,80.952,,,0,,,0,,,0,0,0,46,,26.437,,,0,0,0
"02/27/22","335458","THE GRAND REHABILITATION AND NURSING AT PAWLING","9 RESERVOIR ROAD","PAWLING","NY","12564","8458555700","Dutchess","Y","Y",0,3,0,49,1,60,0,12,122,95,0,116,0,0,"N","N","N","N",0,0,515.79,126.32,"N","N",0,0,0,0,"","","","","","","",,,,,,,,,,0,0,0,0,0,0,0,0,0,0,0,0,,,100,85,0,0,15,0,,85,0,85,85,0,85,100,172,171,1,0,0,0,,99.419,0.581,,100,99.419,0.581,100,99.419,67,,78.824,,,0,,,0,,,0,0,0,72,,42.105,,,0,0,0
"03/06/22","335458","THE GRAND REHABILITATION AND NURSING AT PAWLING","9 RESERVOIR ROAD","PAWLING","NY","12564","8458555700","Dutchess","Y","Y",0,3,0,49,0,60,0,12,122,95,0,116,0,0,"N","N","N","N",0,0,515.79,126.32,"N","N",0,0,0,0,"","","","","","","",,,,,,,,,,0,0,0,0,0,0,0,0,0,0,0,0,0,0,99,84,0,0,15,0,,84.848,0,84.848,84.848,0,84.848,100,171,170,1,0,0,0,,99.415,0.585,,100,99.415,0.585,100,99.415,67,,79.762,,,0,,,0,,,0,0,0,72,,42.353,,,0,0,0
"03/13/22","335458","THE GRAND REHABILITATION AND NURSING AT PAWLING","9 RESERVOIR ROAD","PAWLING","NY","12564","8458555700","Dutchess","Y","Y",0,3,0,49,0,60,0,12,122,97,0,116,0,0,"N","N","N","N",0,0,505.15,123.71,"N","N",0,0,0,0,"","","","","","","",,,,,,,,,,0,0,0,0,0,0,0,0,0,0,0,0,0,0,103,89,0,0,14,0,,86.408,0,86.408,86.408,0,86.408,100,171,170,1,0,0,0,,99.415,0.585,,100,99.415,0.585,100,99.415,70,,78.652,,,0,,,0,,,0,0,0,75,,44.118,,,0,0,0
"03/20/22","335458","THE GRAND REHABILITATION AND NURSING AT PAWLING","9 RESERVOIR ROAD","PAWLING","NY","12564","8458555700","Dutchess","Y","Y",0,3,0,49,1,61,0,12,122,98,0,116,0,0,"N","N","N","N",0,0,500,122.45,"N","N",0,0,0,0,"","","","","","","",,,,,,,,,,0,0,0,0,0,0,0,0,0,0,0,0,0,0,106,91,1,0,14,0,,85.849,0.943,86.792,85.849,0.943,86.792,98.913,178,176,2,0,0,0,,98.876,1.124,,100,98.876,1.124,100,98.876,71,,78.022,,,0,,,0,,,0,0,0,79,,44.886,,,0,0,0
"03/27/22","335458","THE GRAND REHABILITATION AND NURSING AT PAWLING","9 RESERVOIR ROAD","PAWLING","NY","12564","8458555700","Dutchess","Y","Y",0,3,0,49,1,62,0,12,122,105,0,116,0,0,"N","N","N","N",0,0,466.67,114.29,"N","N",0,0,0,0,"","","","","","","",,,,,,,,,,0,0,0,0,0,0,0,0,0,0,0,0,0,0,111,96,1,0,14,0,,86.486,0.901,87.387,86.486,0.901,87.387,98.969,165,162,2,1,0,0,,98.182,1.212,,99.394,98.78,1.22,100,98.78,73,,76.042,,,0,,,0,,,0,0,0,76,,46.914,,,0,0,0
"04/03/22","335458","THE GRAND REHABILITATION AND NURSING AT PAWLING","9 RESERVOIR ROAD","PAWLING","NY","12564","8458555700","Dutchess","Y","Y",0,3,0,49,0,62,0,12,122,104,0,116,0,0,"N","N","N","N",0,0,471.15,115.38,"N","N",0,0,0,0,"","","","","","","",,,,,,,,,,0,0,0,0,0,0,0,0,0,0,0,0,0,0,111,96,0,0,15,0,,86.486,0,86.486,86.486,0,86.486,100,152,149,2,1,0,0,,98.026,1.316,,99.342,98.675,1.325,100,98.675,74,,77.083,,,0,,,0,,,0,0,0,72,,48.322,,,0,0,0
"04/10/22","335458","THE GRAND REHABILITATION AND NURSING AT PAWLING","9 RESERVOIR ROAD","PAWLING","NY","12564","8458555700","Dutchess","Y","Y",0,3,0,49,0,62,0,12,122,104,0,116,0,0,"N","N","N","N",0,0,471.15,115.38,"N","N",0,0,0,0,"","","","","","","",,,,,,,,,,0,0,0,0,0,0,0,0,0,0,0,0,0,0,109,93,1,0,15,0,,85.321,0.917,86.239,85.321,0.917,86.239,98.936,148,146,1,1,0,0,,98.649,0.676,,99.324,99.32,0.68,100,99.32,80,,86.022,,,0,,,0,,,0,0,0,71,,48.63,,,0,0,0
"04/17/22","335458","THE GRAND REHABILITATION AND NURSING AT PAWLING","9 RESERVOIR ROAD","PAWLING","NY","12564","8458555700","Dutchess","Y","Y",0,3,0,49,0,62,0,12,122,109,0,116,0,0,"N","N","N","N",0,0,449.54,110.09,"N","N",0,0,0,0,"","","","","","","",,,,,,,,,,0,0,0,0,0,0,0,0,0,0,0,0,0,0,110,93,1,0,16,0,,84.545,0.909,85.455,84.545,0.909,85.455,98.936,148,146,1,1,0,0,,98.649,0.676,,99.324,99.32,0.68,100,99.32,80,,86.022,,,0,,,0,,,0,0,0,71,,48.63,,,0,0,0
"04/24/22","335458","THE GRAND REHABILITATION AND NURSING AT PAWLING","9 RESERVOIR ROAD","PAWLING","NY","12564","8458555700","Dutchess","Y","Y",0,3,0,49,1,63,0,12,122,99,1,117,0,0,"N","N","N","N",0,0,494.95,121.21,"N","N",0,0,1,0,"","","","","","","",,,,,,,,,,0,0,0,0,0,0,0,0,0,0,0,0,0,0,103,87,0,0,16,0,,84.466,0,84.466,84.466,0,84.466,100,156,154,1,1,0,0,,98.718,0.641,,99.359,99.355,0.645,100,99.355,78,,89.655,,,0,,,0,,,0,0,0,72,,46.753,,,0,0,0
"05/01/22","335458","THE GRAND REHABILITATION AND NURSING AT PAWLING","9 RESERVOIR ROAD","PAWLING","NY","12564","8458555700","Dutchess","Y","Y",0,3,0,49,2,65,0,12,122,99,1,118,0,0,"N","N","N","N",0,0,494.95,121.21,"N","N",0,0,1,0,"","","","","","","",,,,,,,,,,0,0,0,0,0,0,0,0,0,0,0,0,0,0,105,91,2,0,12,0,,86.667,1.905,88.571,86.667,1.905,88.571,97.849,157,155,1,1,0,0,,98.726,0.637,,99.363,99.359,0.641,100,99.359,80,,87.912,,,0,,,0,,,0,0,0,74,,47.742,,,0,0,0
"05/08/22","335458","THE GRAND REHABILITATION AND NURSING AT PAWLING","9 RESERVOIR ROAD","PAWLING","NY","12564","8458555700","Dutchess","Y","Y",0,3,0,49,1,66,0,12,122,99,1,119,0,0,"N","N","N","N",0,0,494.95,121.21,"N","N",0,0,1,0,"","","","","","","",,,,,,,,,,0,0,0,0,0,0,0,0,0,0,0,0,0,0,105,88,3,0,14,0,,83.81,2.857,86.667,83.81,2.857,86.667,96.703,153,151,1,1,0,0,,98.693,0.654,,99.346,99.342,0.658,100,99.342,76,,86.364,,,0,,,0,,,0,0,0,74,,49.007,,,0,0,0
"05/15/22","335458","THE GRAND REHABILITATION AND NURSING AT PAWLING","9 RESERVOIR ROAD","PAWLING","NY","12564","8458555700","Dutchess","Y","Y",0,3,0,49,0,66,0,12,122,99,6,125,0,0,"N","N","N","N",0,0,494.95,121.21,"N","N",0,0,6,0,"","","","","","","",,,,,,,,,,0,0,0,0,0,0,0,0,0,0,0,0,0,0,103,88,1,0,14,0,,85.437,0.971,86.408,85.437,0.971,86.408,98.876,148,146,1,1,0,0,,98.649,0.676,,99.324,99.32,0.68,100,99.32,78,,88.636,,,0,,,0,,,0,0,0,73,,50,,,0,0,0
"05/22/22","335458","THE GRAND REHABILITATION AND NURSING AT PAWLING","9 RESERVOIR ROAD","PAWLING","NY","12564","8458555700","Dutchess","Y","Y",1,4,0,49,0,66,0,12,122,103,0,125,0,0,"N","N","N","N",0,0,475.73,116.5,"N","N",0,0,0,0,"","","","","","","",,,,,,,,,,0,0,0,0,0,0,0,0,0,0,0,0,0,0,120,101,1,0,18,0,,84.167,0.833,85,84.167,0.833,85,99.02,148,146,1,1,0,0,,98.649,0.676,,99.324,99.32,0.68,100,99.32,80,,79.208,,,0,,,0,,,0,0,0,72,,49.315,,,0,0,0
"05/29/22","335458","THE GRAND REHABILITATION AND NURSING AT PAWLING","9 RESERVOIR ROAD","PAWLING","NY","12564","8458555700","Dutchess","Y","Y",1,5,0,49,1,67,0,12,122,109,0,125,0,0,"N","N","N","N",0,0,449.54,110.09,"N","N",0,0,0,0,"","","","","","","",,,,,,,,,,0,0,0,0,0,0,0,0,0,0,0,0,0,0,119,100,1,0,18,0,,84.034,0.84,84.874,84.034,0.84,84.874,99.01,152,150,1,1,0,0,,98.684,0.658,,99.342,99.338,0.662,100,99.338,80,,80,,,0,,,0,,,0,0,0,71,,47.333,,,0,0,0
"06/05/22","335458","THE GRAND REHABILITATION AND NURSING AT PAWLING","9 RESERVOIR ROAD","PAWLING","NY","12564","8458555700","Dutchess","Y","Y",0,5,0,49,2,69,0,12,122,106,1,126,0,0,"","","","",0,0,462.26,113.21,"N","N",0,0,1,0,"Y","Y","Y","Y","Y","Y","Y",,,,,,,,,,0,0,0,0,0,0,0,0,0,0,0,0,0,0,107,90,0,0,17,0,,84.112,0,84.112,84.112,0,84.112,100,152,151,0,1,0,0,,99.342,0,,99.342,100,0,100,100,75,,83.333,75,,83.333,0,,0,76,,71.028,71.028,84.444,77,,50.993,77,,50.658,50.993,50.993
"06/12/22","335458","THE GRAND REHABILITATION AND NURSING AT PAWLING","9 RESERVOIR ROAD","PAWLING","NY","12564","8458555700","Dutchess","Y","Y",0,5,0,49,1,70,0,12,122,107,0,126,0,0,"","","","",0,0,457.94,112.15,"N","N",0,0,0,0,"Y","N","","","","","",,,,,,,,,,0,0,0,0,0,0,0,0,0,0,0,0,0,0,111,92,0,0,19,0,,82.883,0,82.883,82.883,0,82.883,100,160,159,0,1,0,0,,99.375,0,,99.375,100,0,100,100,80,,86.957,80,,86.957,0,,0,80,,72.072,72.072,86.957,84,,52.83,44,,27.5,27.673,27.673
"06/19/22","335458","THE GRAND REHABILITATION AND NURSING AT PAWLING","9 RESERVOIR ROAD","PAWLING","NY","12564","8458555700","Dutchess","Y","Y",0,5,0,49,2,72,0,12,122,110,0,126,0,0,"","","","",0,0,445.45,109.09,"N","N",0,0,0,0,"Y","N","","","","","",,,,,,,,,,0,0,0,0,0,0,0,0,0,0,0,0,0,0,111,92,0,0,19,0,,82.883,0,82.883,82.883,0,82.883,100,162,161,0,1,0,0,,99.383,0,,99.383,100,0,100,100,80,,86.957,80,,86.957,0,,0,80,,72.072,72.072,86.957,85,,52.795,44,,27.16,27.329,27.329
"06/26/22","335458","THE GRAND REHABILITATION AND NURSING AT PAWLING","9 RESERVOIR ROAD","PAWLING","NY","12564","8458555700","Dutchess","Y","Y",0,5,0,49,1,73,0,12,122,107,0,126,0,0,"","","","",0,0,457.94,112.15,"N","N",0,0,0,0,"Y","N","","","","","",,,,,,,,,,0,0,0,0,0,0,0,0,0,0,0,0,0,0,109,90,0,0,19,0,,82.569,0,82.569,82.569,0,82.569,100,160,159,0,1,0,0,,99.375,0,,99.375,100,0,100,100,78,,86.667,78,,86.667,0,,0,78,,71.56,71.56,86.667,84,,52.83,44,,27.5,27.673,27.673
"07/03/22","335458","THE GRAND REHABILITATION AND NURSING AT PAWLING","9 RESERVOIR ROAD","PAWLING","NY","12564","8458555700","Dutchess","Y","Y",0,5,3,52,0,73,0,12,122,107,1,127,0,0,"","","","",28.04,0,485.98,112.15,"Y","N",3,0,1,0,"Y","N","","","","","",0,0,3,2,2,0,0,,,0,0,0,0,0,0,0,0,0,0,0,0,0,1,114,93,0,0,21,0,,81.579,0,81.579,81.579,0,81.579,100,160,159,0,1,0,0,,99.375,0,,99.375,100,0,100,100,79,,84.946,79,,84.946,0,,0,76,,66.667,66.667,81.72,84,,52.83,50,,31.25,31.447,31.447
"07/10/22","335458","THE GRAND REHABILITATION AND NURSING AT PAWLING","9 RESERVOIR ROAD","PAWLING","NY","12564","8458555700","Dutchess","Y","Y",1,6,3,55,0,73,0,12,122,113,0,127,0,0,"","","","",26.55,0,486.73,106.19,"Y","N",3,0,0,0,"Y","N","","","","","",1,0,2,2,2,0,2,,,0,0,0,0,0,0,0,0,0,0,0,0,0,0,115,93,1,0,21,0,,80.87,0.87,81.739,80.87,0.87,81.739,98.936,157,156,0,1,0,0,,99.363,0,,99.363,100,0,100,100,73,,78.495,73,,78.495,0,,0,73,,63.478,63.478,78.495,101,,64.744,68,,43.312,43.59,43.59
"07/17/22","335458","THE GRAND REHABILITATION AND NURSING AT PAWLING","9 RESERVOIR ROAD","PAWLING","NY","12564","8458555700","Dutchess","Y","Y",1,7,1,56,1,74,0,12,122,114,2,129,0,0,"","","","",8.77,0,491.23,105.26,"N","N",1,0,2,0,"Y","N","","","","","",1,0,0,0,0,0,0,,,0,0,0,1,0,0,0,0,0,0,0,0,0,0,119,98,2,0,19,0,,82.353,1.681,84.034,82.353,1.681,84.034,98,161,160,0,1,0,0,,99.379,0,,99.379,100,0,100,100,75,,76.531,54,,55.102,21,,21.429,21,,17.647,17.647,21.429,88,,55,74,,45.963,46.25,46.25
"07/24/22","335458","THE GRAND REHABILITATION AND NURSING AT PAWLING","9 RESERVOIR ROAD","PAWLING","NY","12564","8458555700","Dutchess","Y","Y",0,7,3,59,0,74,0,12,122,116,1,130,0,0,"","","","",25.86,0,508.62,103.45,"Y","N",3,0,1,0,"Y","N","","","","","",1,0,2,2,2,0,0,,,0,0,0,0,0,0,0,0,0,0,0,0,0,0,119,96,0,0,23,0,,80.672,0,80.672,80.672,0,80.672,100,165,163,1,1,0,0,,98.788,0.606,,99.394,99.39,0.61,100,99.39,78,,81.25,54,,56.25,21,,21.875,21,,17.647,17.647,21.875,96,,58.896,76,,46.061,46.341,46.626
"07/31/22","335458","THE GRAND REHABILITATION AND NURSING AT PAWLING","9 RESERVOIR ROAD","PAWLING","NY","12564","8458555700","Dutchess","Y","Y",2,9,0,59,1,75,0,12,122,115,0,130,0,0,"","","","",0,0,513.04,104.35,"N","N",0,0,0,0,"Y","N","","","","","",,,,,,,,,,0,0,0,0,0,0,0,0,0,0,0,0,0,0,117,94,2,0,21,0,,80.342,1.709,82.051,80.342,1.709,82.051,97.917,151,150,0,1,0,0,,99.338,0,,99.338,100,0,100,100,76,,80.851,76,,80.851,0,,0,35,,29.915,29.915,37.234,102,,68,84,,55.629,56,56
"08/07/22","335458","THE GRAND REHABILITATION AND NURSING AT PAWLING","9 RESERVOIR ROAD","PAWLING","NY","12564","8458555700","Dutchess","Y","Y",0,9,0,59,0,75,0,12,122,115,0,130,0,0,"","","","",0,0,513.04,104.35,"N","N",0,0,0,0,"Y","N","","","","","",,,,,,,,,,0,0,0,0,0,0,0,0,0,0,0,0,0,0,119,99,2,0,18,0,,83.193,1.681,84.874,83.193,1.681,84.874,98.02,151,149,1,1,0,0,,98.675,0.662,,99.338,99.333,0.667,100,99.333,80,,80.808,30,,30.303,50,,50.505,50,,42.017,42.017,50.505,102,,68.456,85,,56.291,56.667,57.047
"08/14/22","335458","THE GRAND REHABILITATION AND NURSING AT PAWLING","9 RESERVOIR ROAD","PAWLING","NY","12564","8458555700","Dutchess","Y","Y",1,10,0,59,1,76,0,12,122,114,1,131,0,0,"","","","",0,0,517.54,105.26,"N","N",0,0,1,0,"Y","N","","","","","",,,,,,,,,,0,0,0,0,0,0,0,0,0,0,0,0,0,0,120,99,2,0,19,0,,82.5,1.667,84.167,82.5,1.667,84.167,98.02,151,149,1,1,0,0,,98.675,0.662,,99.338,99.333,0.667,100,99.333,80,,80.808,30,,30.303,50,,50.505,50,,41.667,41.667,50.505,102,,68.456,85,,56.291,56.667,57.047
"08/21/22","335458","THE GRAND REHABILITATION AND NURSING AT PAWLING","9 RESERVOIR ROAD","PAWLING","NY","12564","8458555700","Dutchess","Y","Y",0,10,0,59,1,77,0,12,122,114,0,131,0,0,"","","","",0,0,517.54,105.26,"N","N",0,0,0,0,"Y","N","","","","","",,,,,,,,,,0,0,0,0,0,0,0,0,0,0,0,0,0,0,117,98,2,0,17,0,,83.761,1.709,85.47,83.761,1.709,85.47,98,148,146,1,1,0,0,,98.649,0.676,,99.324,99.32,0.68,100,99.32,82,,83.673,27,,27.551,52,,53.061,52,,44.444,44.444,53.061,101,,69.178,84,,56.757,57.143,57.534
"08/28/22","335458","THE GRAND REHABILITATION AND NURSING AT PAWLING","9 RESERVOIR ROAD","PAWLING","NY","12564","8458555700","Dutchess","Y","Y",0,10,0,59,2,79,0,12,122,116,1,132,0,0,"","","","",0,0,508.62,103.45,"N","N",0,0,1,0,"Y","N","","","","","",,,,,,,,,,0,0,0,0,0,0,0,0,0,0,0,0,0,0,112,95,3,0,14,0,,84.821,2.679,87.5,84.821,2.679,87.5,96.939,153,151,1,1,0,0,,98.693,0.654,,99.346,99.342,0.658,100,99.342,83,,87.368,29,,30.526,51,,53.684,51,,45.536,45.536,53.684,101,,66.887,83,,54.248,54.605,54.967
"09/04/22","335458","THE GRAND REHABILITATION AND NURSING AT PAWLING","9 RESERVOIR ROAD","PAWLING","NY","12564","8458555700","Dutchess","Y","Y",0,10,3,62,0,79,0,12,122,115,0,132,0,0,"","","","",26.09,0,539.13,104.35,"Y","N",3,0,0,0,"Y","N","","","","","",0,0,3,3,3,0,0,,,0,0,0,0,0,0,0,0,0,0,0,0,0,0,114,97,3,0,14,0,,85.088,2.632,87.719,85.088,2.632,87.719,97,143,142,1,0,0,0,,99.301,0.699,,100,99.301,0.699,100,99.301,85,,87.629,29,,29.897,53,,54.639,53,,46.491,46.491,54.639,98,,69.014,84,,58.741,58.741,59.155
"09/11/22","335458","THE GRAND REHABILITATION AND NURSING AT PAWLING","9 RESERVOIR ROAD","PAWLING","NY","12564","8458555700","Dutchess","Y","Y",5,15,7,69,0,79,0,12,122,113,1,133,0,0,"","","","",61.95,0,610.62,106.19,"Y","N",7,0,1,0,"Y","N","","","","","",1,0,6,6,4,2,2,,,0,0,0,0,0,0,0,0,0,0,0,2,0,0,114,97,3,0,14,0,,85.088,2.632,87.719,85.088,2.632,87.719,97,143,142,1,0,0,0,,99.301,0.699,,100,99.301,0.699,100,99.301,85,,87.629,29,,29.897,53,,54.639,53,,46.491,46.491,54.639,98,,69.014,84,,58.741,58.741,59.155
"09/18/22","335458","THE GRAND REHABILITATION AND NURSING AT PAWLING","9 RESERVOIR ROAD","PAWLING","NY","12564","8458555700","Dutchess","Y","Y",3,18,1,70,0,79,0,12,122,110,1,134,0,0,"","","","",9.09,0,636.36,109.09,"N","N",1,0,1,0,"Y","N","","","","","",0,0,1,1,1,0,0,,,0,0,0,0,0,0,0,0,0,0,0,0,0,0,119,106,0,0,13,0,,89.076,0,89.076,89.076,0,89.076,100,144,144,0,0,0,0,,100,0,,100,100,0,100,100,85,,80.189,29,,27.358,53,,50,53,,44.538,44.538,50,99,,68.75,84,,58.333,58.333,58.333
"09/25/22","335458","THE GRAND REHABILITATION AND NURSING AT PAWLING","9 RESERVOIR ROAD","PAWLING","NY","12564","8458555700","Dutchess","Y","Y",0,18,0,70,0,79,0,12,122,111,1,135,0,0,"","","","",0,0,630.63,108.11,"N","N",0,0,1,0,"Y","N","","","","","",,,,,,,,,,0,0,0,0,0,0,0,0,0,0,0,0,0,0,119,106,0,0,13,0,,89.076,0,89.076,89.076,0,89.076,100,146,146,0,0,0,0,,100,0,,100,100,0,100,100,85,,80.189,29,,27.358,53,,50,53,,44.538,44.538,50,101,,69.178,86,,58.904,58.904,58.904
"10/02/22","335458","THE GRAND REHABILITATION AND NURSING AT PAWLING","9 RESERVOIR ROAD","PAWLING","NY","12564","8458555700","Dutchess","Y","Y",0,18,0,70,1,80,0,12,122,109,0,135,0,0,"","","","",0,0,642.2,110.09,"N","N",0,0,0,0,"Y","N","","","","","",,,,,,,,,,0,0,0,0,0,0,0,0,0,0,0,0,0,0,117,104,0,0,13,0,,88.889,0,88.889,88.889,0,88.889,100,151,151,0,0,0,0,,100,0,,100,100,0,100,100,85,,81.731,28,,26.923,52,,50,52,,44.444,44.444,50,97,,64.238,88,,58.278,58.278,58.278
"10/09/22","335458","THE GRAND REHABILITATION AND NURSING AT PAWLING","9 RESERVOIR ROAD","PAWLING","NY","12564","8458555700","Dutchess","Y","Y",0,18,0,70,0,80,0,12,122,107,0,135,0,0,"","","","",0,0,654.21,112.15,"N","N",0,0,0,0,"Y","N","","","","","",,,,,,,,,,0,0,0,0,0,0,0,0,0,0,0,0,0,0,115,102,0,0,13,0,,88.696,0,88.696,88.696,0,88.696,100,151,151,0,0,0,0,,100,0,,100,100,0,100,100,83,,81.373,28,,27.451,50,,49.02,50,,43.478,43.478,49.02,97,,64.238,88,,58.278,58.278,58.278
"10/16/22","335458","THE GRAND REHABILITATION AND NURSING AT PAWLING","9 RESERVOIR ROAD","PAWLING","NY","12564","8458555700","Dutchess","Y","Y",2,20,2,72,0,80,0,12,122,107,1,136,0,0,"","","","",18.69,0,672.9,112.15,"N","N",2,0,1,0,"Y","N","","","","","",2,0,0,0,0,0,0,,,0,0,0,0,0,0,0,0,0,0,0,0,0,0,114,101,0,0,13,0,,88.596,0,88.596,88.596,0,88.596,100,151,151,0,0,0,0,,100,0,,100,100,0,100,100,82,,81.188,28,,27.723,49,,48.515,49,,42.982,42.982,48.515,97,,64.238,88,,58.278,58.278,58.278
"10/23/22","335458","THE GRAND REHABILITATION AND NURSING AT PAWLING","9 RESERVOIR ROAD","PAWLING","NY","12564","8458555700","Dutchess","Y","Y",0,20,7,79,1,81,0,12,122,107,6,142,0,0,"","","","",65.42,0,738.32,112.15,"Y","N",7,0,6,0,"Y","N","","","","","",1,1,5,5,1,1,1,,,0,0,0,1,0,0,0,0,0,0,0,4,0,0,,,,,,,88.596,,,,,,,,,,,,,,100,,,100,,,,,,,81.188,,,27.723,,,48.515,,,42.982,,,,,64.238,,,58.278,,,
"01/03/21","335458","THE GRAND REHABILITATION AND NURSING AT PAWLING","9 RESERVOIR ROAD","PAWLING","NY","12564","8458555700","Dutchess","Y","Y",0,3,0,13,0,17,0,4,122,90,0,27,0,0,"N","N","N","N",0,0,144.44,44.44,"N","N",0,0,0,0,"","","","","","","",,,,,,,,,,,,,,,,,,,,,,,,,,,,,,,,,,,,,,,,,,,,,,,,,,,,,,,,,,,,,,,,,,,,,,,,,,
"01/10/21","335458","THE GRAND REHABILITATION AND NURSING AT PAWLING","9 RESERVOIR ROAD","PAWLING","NY","12564","8458555700","Dutchess","Y","Y",0,3,0,13,0,17,0,4,122,89,1,28,0,0,"N","N","N","N",0,0,146.07,44.94,"N","N",0,0,1,0,"","","","","","","",,,,,,,,,,,,,,,,,,,,,,,,,,,,,,,,,,,,,,,,,,,,,,,,,,,,,,,,,,,,,,,,,,,,,,,,,,
"01/17/21","335458","THE GRAND REHABILITATION AND NURSING AT PAWLING","9 RESERVOIR ROAD","PAWLING","NY","12564","8458555700","Dutchess","Y","Y",0,3,0,13,0,17,0,4,122,91,3,31,0,0,"N","N","N","N",0,0,142.86,43.96,"N","N",0,0,3,0,"","","","","","","",,,,,,,,,,,,,,,,,,,,,,,,,,,,,,,,,,,,,,,,,,,,,,,,,,,,,,,,,,,,,,,,,,,,,,,,,,
"01/24/21","335458","THE GRAND REHABILITATION AND NURSING AT PAWLING","9 RESERVOIR ROAD","PAWLING","NY","12564","8458555700","Dutchess","Y","Y",0,3,0,13,0,17,0,4,122,96,1,32,0,0,"N","N","N","N",0,0,135.42,41.67,"N","N",0,0,1,0,"","","","","","","",,,,,,,,,,,,,,,,,,,,,,,,,,,,,,,,,,,,,,,,,,,,,,,,,,,,,,,,,,,,,,,,,,,,,,,,,,
"01/31/21","335458","THE GRAND REHABILITATION AND NURSING AT PAWLING","9 RESERVOIR ROAD","PAWLING","NY","12564","8458555700","Dutchess","Y","Y",0,3,3,16,0,17,0,4,122,95,8,40,0,0,"N","N","N","N",31.58,0,168.42,42.11,"Y","N",3,0,8,0,"","","","","","","",,,,,,,,,,,,,,,,,,,,,,,,,,,,,,,,,,,,,,,,,,,,,,,,,,,,,,,,,,,,,,,,,,,,,,,,,,
"02/07/21","335458","THE GRAND REHABILITATION AND NURSING AT PAWLING","9 RESERVOIR ROAD","PAWLING","NY","12564","8458555700","Dutchess","Y","Y",0,3,0,16,1,18,0,4,122,94,1,41,0,0,"N","N","N","N",0,0,170.21,42.55,"N","N",0,0,1,0,"","","","","","","",,,,,,,,,,,,,,,,,,,,,,,,,,,,,,,,,,,,,,,,,,,,,,,,,,,,,,,,,,,,,,,,,,,,,,,,,,
"02/14/21","335458","THE GRAND REHABILITATION AND NURSING AT PAWLING","9 RESERVOIR ROAD","PAWLING","NY","12564","8458555700","Dutchess","Y","Y",0,3,0,16,1,19,0,4,122,94,3,44,0,0,"N","N","N","N",0,0,170.21,42.55,"N","N",0,0,3,0,"","","","","","","",,,,,,,,,,,,,,,,,,,,,,,,,,,,,,,,,,,,,,,,,,,,,,,,,,,,,,,,,,,,,,,,,,,,,,,,,,
"02/21/21","335458","THE GRAND REHABILITATION AND NURSING AT PAWLING","9 RESERVOIR ROAD","PAWLING","NY","12564","8458555700","Dutchess","Y","Y",0,3,0,16,0,19,0,4,122,93,0,44,0,0,"N","N","N","N",0,0,172.04,43.01,"N","N",0,0,0,0,"","","","","","","",,,,,,,,,,,,,,,,,,,,,,,,,,,,,,,,,,,,,,,,,,,,,,,,,,,,,,,,,,,,,,,,,,,,,,,,,,
"02/28/21","335458","THE GRAND REHABILITATION AND NURSING AT PAWLING","9 RESERVOIR ROAD","PAWLING","NY","12564","8458555700","Dutchess","Y","Y",0,3,0,16,1,20,0,4,122,96,3,47,0,0,"N","N","N","N",0,0,166.67,41.67,"N","N",0,0,3,0,"","","","","","","",,,,,,,,,,,,,,,,,,,,,,,,,,,,,,,,,,,,,,,,,,,,,,,,,,,,,,,,,,,,,,,,,,,,,,,,,,
"03/07/21","335458","THE GRAND REHABILITATION AND NURSING AT PAWLING","9 RESERVOIR ROAD","PAWLING","NY","12564","8458555700","Dutchess","Y","Y",0,3,0,16,1,21,0,4,122,96,0,47,0,0,"N","N","N","N",0,0,166.67,41.67,"N","N",0,0,0,0,"","","","","","","",,,,,,,,,,,,,,,,,,,,,,,,,,,,,,,,,,,,,,,,,,,,,,,,,,,,,,,,,,,,,,,,,,,,,,,,,,
"03/14/21","335458","THE GRAND REHABILITATION AND NURSING AT PAWLING","9 RESERVOIR ROAD","PAWLING","NY","12564","8458555700","Dutchess","Y","Y",0,3,2,18,0,21,0,4,122,95,2,49,0,0,"N","N","N","N",21.05,0,189.47,42.11,"N","N",2,0,2,0,"","","","","","","",,,,,,,,,,,,,,,,,,,,,,,,,,,,,,,,,,,,,,,,,,,,,,,,,,,,,,,,,,,,,,,,,,,,,,,,,,
"03/21/21","335458","THE GRAND REHABILITATION AND NURSING AT PAWLING","9 RESERVOIR ROAD","PAWLING","NY","12564","8458555700","Dutchess","Y","Y",0,3,0,18,1,22,0,4,122,95,0,49,0,0,"N","N","N","N",0,0,189.47,42.11,"N","N",0,0,0,0,"","","","","","","",,,,,,,,,,,,,,,,,,,,,,,,,,,,,,,,,,,,,,,,,,,,,,,,,,,,,,,,,,,,,,,,,,,,,,,,,,
"03/28/21","335458","THE GRAND REHABILITATION AND NURSING AT PAWLING","9 RESERVOIR ROAD","PAWLING","NY","12564","8458555700","Dutchess","Y","Y",0,3,0,18,0,22,0,4,122,95,0,49,0,0,"N","N","N","N",0,0,189.47,42.11,"N","N",0,0,0,0,"","","","","","","",,,,,,,,,,,,,,,,,,,,,,,,,,,,,,,,,,,,,,,,,,,,,,,,,,,,,,,,,,,,,,,,,,,,,,,,,,
"04/04/21","335458","THE GRAND REHABILITATION AND NURSING AT PAWLING","9 RESERVOIR ROAD","PAWLING","NY","12564","8458555700","Dutchess","Y","Y",0,3,0,18,0,22,0,4,122,90,0,49,0,0,"N","N","N","N",0,0,200,44.44,"N","N",0,0,0,0,"","","","","","","",,,,,,,,,,,,,,,,,,,,,,,,,,,,,,,,,,,,,,,,,,,,,,,,,,,,,,,,,,,,,,,,,,,,,,,,,,
"04/11/21","335458","THE GRAND REHABILITATION AND NURSING AT PAWLING","9 RESERVOIR ROAD","PAWLING","NY","12564","8458555700","Dutchess","Y","Y",0,3,0,18,1,23,0,4,122,97,0,49,0,0,"N","N","N","N",0,0,185.57,41.24,"N","N",0,0,0,0,"","","","","","","",,,,,,,,,,,,,,,,,,,,,,,,,,,,,,,,,,,,,,,,,,,,,,,,,,,,,,,,,,,,,,,,,,,,,,,,,,
"04/18/21","335458","THE GRAND REHABILITATION AND NURSING AT PAWLING","9 RESERVOIR ROAD","PAWLING","NY","12564","8458555700","Dutchess","Y","Y",0,3,0,18,3,26,1,5,122,98,1,50,0,0,"N","N","N","N",0,10.2,183.67,51.02,"N","N",0,0,1,0,"","","","","","","",,,,,,,,,,,,,,,,,,,,,,,,,,,,,,,,,,,,,,,,,,,,,,,,,,,,,,,,,,,,,,,,,,,,,,,,,,
"04/25/21","335458","THE GRAND REHABILITATION AND NURSING AT PAWLING","9 RESERVOIR ROAD","PAWLING","NY","12564","8458555700","Dutchess","Y","Y",0,3,0,18,0,26,0,5,122,96,0,50,0,0,"N","N","N","N",0,0,187.5,52.08,"N","N",0,0,0,0,"","","","","","","",,,,,,,,,,,,,,,,,,,,,,,,,,,,,,,,,,,,,,,,,,,,,,,,,,,,,,,,,,,,,,,,,,,,,,,,,,
"05/02/21","335458","THE GRAND REHABILITATION AND NURSING AT PAWLING","9 RESERVOIR ROAD","PAWLING","NY","12564","8458555700","Dutchess","Y","Y",0,3,0,18,1,27,0,5,122,94,0,50,0,0,"N","N","N","N",0,0,191.49,53.19,"N","N",0,0,0,0,"","","","","","","",,,,,,,,,,,,,,,,,,,,,,,,,,,,,,,,,,,,,,,,,,,,,,,,,,,,,,,,,,,,,,,,,,,,,,,,,,
"05/09/21","335458","THE GRAND REHABILITATION AND NURSING AT PAWLING","9 RESERVOIR ROAD","PAWLING","NY","12564","8458555700","Dutchess","Y","Y",0,3,0,18,2,29,0,5,122,93,0,50,0,0,"N","N","N","N",0,0,193.55,53.76,"N","N",0,0,0,0,"","","","","","","",,,,,,,,,,,,,,,,,,,,,,,,,,,,,,,,,,,,,,,,,,,,,,,,,,,,,,,,,,,,,,,,,,,,,,,,,,
"05/16/21","335458","THE GRAND REHABILITATION AND NURSING AT PAWLING","9 RESERVOIR ROAD","PAWLING","NY","12564","8458555700","Dutchess","Y","Y",0,3,0,18,1,30,0,5,122,93,0,50,0,0,"N","N","N","N",0,0,193.55,53.76,"N","N",0,0,0,0,"","","","","","","",,,,,,,,,,,,,,,,,,,,,,,,,,,,,,,,,,,,,,,,,,,,,,,,,,,,,,,,,,,,,,,,,,,,,,,,,,
"05/23/21","335458","THE GRAND REHABILITATION AND NURSING AT PAWLING","9 RESERVOIR ROAD","PAWLING","NY","12564","8458555700","Dutchess","Y","Y",0,3,0,18,2,32,0,5,122,91,0,50,0,0,"N","N","N","N",0,0,197.8,54.95,"N","N",0,0,0,0,"","","","","","","",,,,,,,,,,,,,,,,,,,,,,,,,,,,,,,,,,,,,,,,,,,,,,,,,,,,,,,,,,,,,,,,,,,,,,,,,,
"05/30/21","335458","THE GRAND REHABILITATION AND NURSING AT PAWLING","9 RESERVOIR ROAD","PAWLING","NY","12564","8458555700","Dutchess","Y","Y",0,3,0,18,0,32,0,5,122,90,0,50,0,0,"N","N","N","N",0,0,200,55.56,"N","N",0,0,0,0,"","","","","","","",,,,,,,,0,0,0,0,0,0,,,,,,,,,,,,,,,,,,,,,,,,,,,,,,,,,,,,,,,,,,,,,,,,,,,,,,,,,,,,,
"06/06/21","335458","THE GRAND REHABILITATION AND NURSING AT PAWLING","9 RESERVOIR ROAD","PAWLING","NY","12564","8458555700","Dutchess","Y","Y",0,3,0,18,2,34,0,5,122,89,0,50,0,0,"N","N","N","N",0,0,202.25,56.18,"N","N",0,0,0,0,"","","","","","","",,,,,,,,0,0,0,0,0,0,,,,,,,,,,,93,82,0,0,11,0,,88.172,0,88.172,88.172,0,88.172,100,157,80,0,0,77,0,,50.955,0,,50.955,50.955,0,50.955,100,,,0,,,0,,,0,,,0,0,0,,,0,,,0,0,0
"06/13/21","335458","THE GRAND REHABILITATION AND NURSING AT PAWLING","9 RESERVOIR ROAD","PAWLING","NY","12564","8458555700","Dutchess","Y","Y",0,3,0,18,1,35,0,5,122,91,0,50,0,0,"N","N","N","N",0,0,197.8,54.95,"N","N",0,0,0,0,"","","","","","","",,,,,,,,0,0,0,0,0,0,,,,,,,,,,,96,15,1,0,10,0,,15.625,1.042,16.667,15.625,1.042,16.667,17.442,157,82,2,0,73,0,,52.229,1.274,,53.503,52.229,1.274,53.503,97.619,,,0,,,0,,,0,,,0,0,0,,,0,,,0,0,0
"06/20/21","335458","THE GRAND REHABILITATION AND NURSING AT PAWLING","9 RESERVOIR ROAD","PAWLING","NY","12564","8458555700","Dutchess","Y","Y",0,3,0,18,0,35,0,5,122,94,0,50,0,0,"N","N","N","N",0,0,191.49,53.19,"N","N",0,0,0,0,"","","","","","","",,,,,,,,0,0,0,0,0,0,,,,,,,,,,,100,89,0,0,11,0,,89,0,89,89,0,89,100,157,82,3,0,72,0,,52.229,1.911,,54.14,52.229,1.911,54.14,96.471,,,0,,,0,,,0,,,0,0,0,,,0,,,0,0,0
"06/27/21","335458","THE GRAND REHABILITATION AND NURSING AT PAWLING","9 RESERVOIR ROAD","PAWLING","NY","12564","8458555700","Dutchess","Y","Y",0,3,0,18,0,35,0,5,122,98,0,50,0,0,"N","N","N","N",0,0,183.67,51.02,"N","N",0,0,0,0,"","","","","","","",,,,,,,,0,0,0,0,0,0,,,,,,,,,,,101,89,0,0,12,0,,88.119,0,88.119,88.119,0,88.119,100,164,84,3,0,77,0,,51.22,1.829,,53.049,51.22,1.829,53.049,96.552,,,0,,,0,,,0,,,0,0,0,,,0,,,0,0,0
"07/04/21","335458","THE GRAND REHABILITATION AND NURSING AT PAWLING","9 RESERVOIR ROAD","PAWLING","NY","12564","8458555700","Dutchess","Y","Y",0,3,0,18,0,35,0,5,122,99,0,50,0,0,"N","N","N","N",0,0,181.82,50.51,"N","N",0,0,0,0,"","","","","","","",,,,,,,,0,0,0,0,0,0,,,,,,,,,,,105,92,0,0,3,0,,87.619,0,87.619,87.619,0,87.619,90.196,160,84,2,0,74,0,,52.5,1.25,,53.75,52.5,1.25,53.75,97.674,,,0,,,0,,,0,,,0,0,0,,,0,,,0,0,0
"07/11/21","335458","THE GRAND REHABILITATION AND NURSING AT PAWLING","9 RESERVOIR ROAD","PAWLING","NY","12564","8458555700","Dutchess","Y","Y",0,3,0,18,0,35,0,5,122,96,0,50,0,0,"N","N","N","N",0,0,187.5,52.08,"N","N",0,0,0,0,"","","","","","","",,,,,,,,0,0,0,0,0,0,,,,,,,,,,,101,88,0,0,13,0,,87.129,0,87.129,87.129,0,87.129,100,158,84,2,0,72,0,,53.165,1.266,,54.43,53.165,1.266,54.43,97.674,,,0,,,0,,,0,,,0,0,0,,,0,,,0,0,0
"07/18/21","335458","THE GRAND REHABILITATION AND NURSING AT PAWLING","9 RESERVOIR ROAD","PAWLING","NY","12564","8458555700","Dutchess","Y","Y",0,3,0,18,0,35,0,5,122,95,0,50,0,0,"N","N","N","N",0,0,189.47,52.63,"N","N",0,0,0,0,"","","","","","","",,,,,,,,,,0,0,0,0,,,,,,,,,,,104,91,0,0,13,0,,87.5,0,87.5,87.5,0,87.5,100,159,85,2,0,72,0,,53.459,1.258,,54.717,53.459,1.258,54.717,97.701,,,0,,,0,,,0,,,0,0,0,,,0,,,0,0,0
"07/25/21","335458","THE GRAND REHABILITATION AND NURSING AT PAWLING","9 RESERVOIR ROAD","PAWLING","NY","12564","8458555700","Dutchess","Y","Y",0,3,0,18,1,36,0,5,122,96,0,50,0,0,"N","N","N","N",0,0,187.5,52.08,"N","N",0,0,0,0,"","","","","","","",,,,,,,,,,0,0,0,0,0,0,,,,,,,,,102,78,12,0,12,0,,76.471,11.765,88.235,76.471,11.765,88.235,86.667,156,84,2,0,70,0,,53.846,1.282,,55.128,53.846,1.282,55.128,97.674,,,0,,,0,,,0,,,0,0,0,,,0,,,0,0,0
"08/01/21","335458","THE GRAND REHABILITATION AND NURSING AT PAWLING","9 RESERVOIR ROAD","PAWLING","NY","12564","8458555700","Dutchess","Y","Y",0,3,0,18,1,37,0,5,122,100,0,50,0,0,"N","N","N","N",0,0,180,50,"N","N",0,0,0,0,"","","","","","","",,,,,,,,,,0,0,0,0,0,0,,,,,,,,,106,91,4,0,11,0,,85.849,3.774,89.623,85.849,3.774,89.623,95.789,157,87,0,0,70,0,,55.414,0,,55.414,55.414,0,55.414,100,,,0,,,0,,,0,,,0,0,0,,,0,,,0,0,0
"08/08/21","335458","THE GRAND REHABILITATION AND NURSING AT PAWLING","9 RESERVOIR ROAD","PAWLING","NY","12564","8458555700","Dutchess","Y","Y",0,3,0,18,0,37,0,5,122,105,0,50,0,0,"N","N","N","N",0,0,171.43,47.62,"N","N",0,0,0,0,"","","","","","","",,,,,,,,,,0,0,0,0,0,0,,,,,,,,,105,90,5,0,10,0,,85.714,4.762,90.476,85.714,4.762,90.476,94.737,154,87,2,0,65,0,,56.494,1.299,,57.792,56.494,1.299,57.792,97.753,,,0,,,0,,,0,,,0,0,0,,,0,,,0,0,0
"08/15/21","335458","THE GRAND REHABILITATION AND NURSING AT PAWLING","9 RESERVOIR ROAD","PAWLING","NY","12564","8458555700","Dutchess","Y","Y",0,3,0,18,0,37,0,5,122,102,0,50,0,0,"N","N","N","N",0,0,176.47,49.02,"N","N",0,0,0,0,"","","","","","","",,,,,,,,,,0,0,0,0,0,0,,,,,,,,,102,87,3,0,12,0,,85.294,2.941,88.235,85.294,2.941,88.235,96.667,163,93,3,0,67,0,,57.055,1.84,,58.896,57.055,1.84,58.896,96.875,,,0,,,0,,,0,,,0,0,0,,,0,,,0,0,0
"08/22/21","335458","THE GRAND REHABILITATION AND NURSING AT PAWLING","9 RESERVOIR ROAD","PAWLING","NY","12564","8458555700","Dutchess","Y","Y",0,3,0,18,1,38,0,5,122,97,2,52,0,0,"N","N","N","N",0,0,185.57,51.55,"N","N",0,0,2,0,"","","","","","","",,,,,,,,,,0,0,0,0,0,0,,,,,,,,,105,32,3,0,13,0,,30.476,2.857,33.333,30.476,2.857,33.333,34.783,161,93,3,0,65,0,,57.764,1.863,,59.627,57.764,1.863,59.627,96.875,,,0,,,0,,,0,,,0,0,0,,,0,,,0,0,0
"08/29/21","335458","THE GRAND REHABILITATION AND NURSING AT PAWLING","9 RESERVOIR ROAD","PAWLING","NY","12564","8458555700","Dutchess","Y","Y",0,3,0,18,0,38,0,5,122,95,0,52,0,0,"N","N","N","N",0,0,189.47,52.63,"N","N",0,0,0,0,"","","","","","","",,,,,,,,,,0,0,0,0,0,0,,,,,,,,,98,84,0,0,14,0,,85.714,0,85.714,85.714,0,85.714,100,165,96,5,0,64,0,,58.182,3.03,,61.212,58.182,3.03,61.212,95.05,0,,0,,,0,,,0,,,0,0,0,0,,0,,,0,0,0
"09/05/21","335458","THE GRAND REHABILITATION AND NURSING AT PAWLING","9 RESERVOIR ROAD","PAWLING","NY","12564","8458555700","Dutchess","Y","Y",0,3,0,18,0,38,0,5,122,102,0,52,0,0,"N","Y","N","N",0,0,176.47,49.02,"N","N",0,0,0,0,"","","","","","","",,,,,,,,,,0,0,0,0,0,0,,,,,,,,,105,90,1,0,14,0,,85.714,0.952,86.667,85.714,0.952,86.667,98.901,165,109,6,0,50,0,,66.061,3.636,,69.697,66.061,3.636,69.697,94.783,0,,0,,,0,,,0,,,0,0,0,0,,0,,,0,0,0
"09/12/21","335458","THE GRAND REHABILITATION AND NURSING AT PAWLING","9 RESERVOIR ROAD","PAWLING","NY","12564","8458555700","Dutchess","Y","Y",0,3,0,18,0,38,0,5,122,97,0,52,0,0,"N","N","N","N",0,0,185.57,51.55,"N","N",0,0,0,0,"","","","","","","",,,,,,,,,,0,0,0,0,0,0,,,,,,,,,101,88,0,0,13,0,,87.129,0,87.129,87.129,0,87.129,100,165,110,5,0,50,0,,66.667,3.03,,69.697,66.667,3.03,69.697,95.652,0,,0,,,0,,,0,,,0,0,0,0,,0,,,0,0,0
"09/19/21","335458","THE GRAND REHABILITATION AND NURSING AT PAWLING","9 RESERVOIR ROAD","PAWLING","NY","12564","8458555700","Dutchess","Y","Y",0,3,0,18,1,39,0,5,122,99,0,52,0,0,"N","N","N","N",0,0,181.82,50.51,"N","N",0,0,0,0,"","","","","","","",,,,,,,,,,0,0,0,0,0,0,,,,,,,,,106,89,1,0,16,0,,83.962,0.943,84.906,83.962,0.943,84.906,98.889,164,111,14,0,39,0,,67.683,8.537,,76.22,67.683,8.537,76.22,88.8,0,,0,,,0,,,0,,,0,0,0,0,,0,,,0,0,0
"09/26/21","335458","THE GRAND REHABILITATION AND NURSING AT PAWLING","9 RESERVOIR ROAD","PAWLING","NY","12564","8458555700","Dutchess","Y","Y",0,3,0,18,0,39,0,5,122,101,0,52,0,0,"N","N","N","N",0,0,178.22,49.5,"N","N",0,0,0,0,"","","","","","","",,,,,,,,,,0,0,0,0,0,0,,,,,,,,,109,93,2,0,14,0,,85.321,1.835,87.156,85.321,1.835,87.156,97.895,165,123,21,0,21,0,,74.545,12.727,,87.273,74.545,12.727,87.273,85.417,0,,0,,,0,,,0,,,0,0,0,0,,0,,,0,0,0
"10/03/21","335458","THE GRAND REHABILITATION AND NURSING AT PAWLING","9 RESERVOIR ROAD","PAWLING","NY","12564","8458555700","Dutchess","Y","Y",0,3,0,18,0,39,0,5,122,103,0,52,0,0,"N","N","N","N",0,0,174.76,48.54,"N","N",0,0,0,0,"","","","","","","",,,,,,,,,,0,0,0,0,0,0,,,,,,,,,112,97,2,0,13,0,,86.607,1.786,88.393,86.607,1.786,88.393,97.98,174,133,23,0,18,0,,76.437,13.218,,89.655,76.437,13.218,89.655,85.256,0,,0,,,0,,,0,,,0,0,0,0,,0,,,0,0,0
"10/10/21","335458","THE GRAND REHABILITATION AND NURSING AT PAWLING","9 RESERVOIR ROAD","PAWLING","NY","12564","8458555700","Dutchess","Y","Y",0,3,0,18,0,39,0,5,122,102,1,53,0,0,"N","N","N","N",0,0,176.47,49.02,"N","N",0,0,1,0,"","","","","","","",,,,,,,,,,0,0,0,0,0,0,,,,,,,,,112,93,4,0,15,0,,83.036,3.571,86.607,83.036,3.571,86.607,95.876,174,133,23,0,18,0,,76.437,13.218,,89.655,76.437,13.218,89.655,85.256,0,,0,,,0,,,0,,,0,0,0,0,,0,,,0,0,0
"10/17/21","335458","THE GRAND REHABILITATION AND NURSING AT PAWLING","9 RESERVOIR ROAD","PAWLING","NY","12564","8458555700","Dutchess","Y","Y",0,3,0,18,0,39,0,5,122,103,1,54,0,0,"N","N","N","N",0,0,174.76,48.54,"N","N",0,0,1,0,"","","","","","","",,,,,,,,,,0,0,0,0,0,0,,,,,,,,,107,91,2,0,14,0,,85.047,1.869,86.916,85.047,1.869,86.916,97.849,170,145,8,0,17,0,,85.294,4.706,,90,85.294,4.706,90,94.771,0,,0,,,0,,,0,,,0,0,0,3,,2.069,,,0,0,0
"10/24/21","335458","THE GRAND REHABILITATION AND NURSING AT PAWLING","9 RESERVOIR ROAD","PAWLING","NY","12564","8458555700","Dutchess","Y","Y",0,3,0,18,1,40,0,5,122,103,0,54,0,0,"N","N","N","N",0,0,174.76,48.54,"N","N",0,0,0,0,"","","","","","","",,,,,,,,,,0,0,0,0,0,0,,,,,,,,,112,97,2,0,13,0,,86.607,1.786,88.393,86.607,1.786,88.393,97.98,173,152,4,0,17,0,,87.861,2.312,,90.173,87.861,2.312,90.173,97.436,0,,0,,,0,,,0,,,0,0,0,3,,1.974,,,0,0,0
"10/31/21","335458","THE GRAND REHABILITATION AND NURSING AT PAWLING","9 RESERVOIR ROAD","PAWLING","NY","12564","8458555700","Dutchess","Y","Y",0,3,0,18,0,40,0,5,122,105,0,54,0,0,"N","N","N","N",0,0,171.43,47.62,"N","N",0,1,0,0,"","","","","","","",,,,,,,,,,0,0,0,0,0,0,,,,,,,,,109,94,3,0,12,0,,86.239,2.752,88.991,86.239,2.752,88.991,96.907,181,156,4,0,21,0,,86.188,2.21,,88.398,86.188,2.21,88.398,97.5,38,,40.426,,,0,,,0,,,0,0,0,3,,1.923,,,0,0,0
"11/07/21","335458","THE GRAND REHABILITATION AND NURSING AT PAWLING","9 RESERVOIR ROAD","PAWLING","NY","12564","8458555700","Dutchess","Y","Y",0,3,0,18,1,41,0,5,122,100,1,55,0,0,"N","N","N","N",0,0,180,50,"N","N",0,0,1,0,"","","","","","","",,,,,,,,,,0,0,0,0,0,0,,,,,,,,,106,92,3,0,11,0,,86.792,2.83,89.623,86.792,2.83,89.623,96.842,175,156,6,0,13,0,,89.143,3.429,,92.571,89.143,3.429,92.571,96.296,61,,66.304,,,0,,,0,,,0,0,0,17,,10.897,,,0,0,0
"11/14/21","335458","THE GRAND REHABILITATION AND NURSING AT PAWLING","9 RESERVOIR ROAD","PAWLING","NY","12564","8458555700","Dutchess","Y","Y",0,3,0,18,1,42,0,5,122,102,0,55,0,0,"N","N","N","N",0,0,176.47,49.02,"N","N",0,0,0,0,"","","","","","","",,,,,,,,,,0,0,0,0,0,0,,,,,,,,,113,101,1,0,11,0,,89.381,0.885,90.265,89.381,0.885,90.265,99.02,175,156,7,0,12,0,,89.143,4,,93.143,89.143,4,93.143,95.706,62,,61.386,,,0,,,0,,,0,0,0,1,,0.641,,,0,0,0
"11/21/21","335458","THE GRAND REHABILITATION AND NURSING AT PAWLING","9 RESERVOIR ROAD","PAWLING","NY","12564","8458555700","Dutchess","Y","Y",0,3,0,18,0,42,0,5,122,106,0,55,0,0,"N","N","N","N",0,0,169.81,47.17,"N","N",0,0,0,0,"","","","","","","",,,,,,,,,,0,0,0,0,0,0,,,,,,,,,114,104,0,0,10,0,,91.228,0,91.228,91.228,0,91.228,100,169,159,10,0,0,0,,94.083,5.917,,100,94.083,5.917,100,94.083,68,,65.385,,,0,,,0,,,0,0,0,11,,6.918,,,0,0,0
"11/28/21","335458","THE GRAND REHABILITATION AND NURSING AT PAWLING","9 RESERVOIR ROAD","PAWLING","NY","12564","8458555700","Dutchess","Y","Y",0,3,10,28,1,43,0,5,122,105,3,58,0,0,"Y","Y","Y","Y",95.24,0,266.67,47.62,"Y","N",10,0,3,0,"","","","","","","",,,,,,,,,,0,0,0,0,0,0,,,,,,,,,115,105,0,0,10,0,,91.304,0,91.304,91.304,0,91.304,100,156,156,0,0,0,0,,100,0,,100,100,0,100,100,67,,63.81,,,0,,,0,,,0,0,0,24,,15.385,,,0,0,0
"12/05/21","335458","THE GRAND REHABILITATION AND NURSING AT PAWLING","9 RESERVOIR ROAD","PAWLING","NY","12564","8458555700","Dutchess","Y","Y",0,3,0,28,1,44,1,6,122,102,0,58,0,0,"N","N","N","N",0,9.8,274.51,58.82,"N","N",0,0,0,0,"","","","","","","",,,,,,,,,,0,2,0,2,0,0,,,,,,,,,105,95,0,0,10,0,,90.476,0,90.476,90.476,0,90.476,100,167,167,0,0,0,0,,100,0,,100,100,0,100,100,67,,70.526,,,0,,,0,,,0,0,0,28,,16.766,,,0,0,0
"12/12/21","335458","THE GRAND REHABILITATION AND NURSING AT PAWLING","9 RESERVOIR ROAD","PAWLING","NY","12564","8458555700","Dutchess","Y","Y",0,3,0,28,3,47,2,8,122,101,0,58,0,0,"N","N","N","N",0,19.8,277.23,79.21,"N","N",0,0,0,0,"","","","","","","",,,,,,,,,,0,0,0,0,0,0,,,,,,,,,107,97,0,0,10,0,,90.654,0,90.654,90.654,0,90.654,100,168,157,11,0,0,0,,93.452,6.548,,100,93.452,6.548,100,93.452,72,,74.227,,,0,,,0,,,0,0,0,25,,15.924,,,0,0,0
"12/19/21","335458","THE GRAND REHABILITATION AND NURSING AT PAWLING","9 RESERVOIR ROAD","PAWLING","NY","12564","8458555700","Dutchess","Y","Y",0,3,0,28,0,47,0,8,122,108,0,58,0,0,"N","N","N","N",0,0,259.26,74.07,"N","N",0,0,0,0,"","","","","","","",,,,,,,,,,0,0,0,0,0,0,,,,,,,,,110,97,0,0,13,0,,88.182,0,88.182,88.182,0,88.182,100,166,158,8,0,0,0,,95.181,4.819,,100,95.181,4.819,100,95.181,73,,75.258,,,0,,,0,,,0,0,0,26,,16.456,,,0,0,0
"12/26/21","335458","THE GRAND REHABILITATION AND NURSING AT PAWLING","9 RESERVOIR ROAD","PAWLING","NY","12564","8458555700","Dutchess","Y","Y",0,3,0,28,1,48,0,8,122,101,1,59,0,0,"N","N","N","N",0,0,277.23,79.21,"N","N",0,0,1,0,"","","","","","","",,,,,,,,,,0,0,0,0,0,0,,,,,,,,,110,96,1,0,13,0,,87.273,0.909,88.182,87.273,0.909,88.182,98.969,169,164,5,0,0,0,,97.041,2.959,,100,97.041,2.959,100,97.041,72,,75,,,0,,,0,,,0,0,0,28,,17.073,,,0,0,0
"05/24/20","335458","THE GRAND REHABILITATION AND NURSING AT PAWLING","9 RESERVOIR ROAD","PAWLING","NY","12564","8458555700","Dutchess","Y","Y",3,3,9,9,5,5,4,4,122,96,1,1,0,0,"N","N","N","N",93.75,41.67,93.75,41.67,"","",0,0,0,0,"","","","","","","",,,,,,,,,,,,,,,,,,,,,,,,,,,,,,,,,,,,,,,,,,,,,,,,,,,,,,,,,,,,,,,,,,,,,,,,,,
"05/31/20","335458","THE GRAND REHABILITATION AND NURSING AT PAWLING","9 RESERVOIR ROAD","PAWLING","NY","12564","8458555700","Dutchess","Y","Y",0,3,0,9,0,5,0,4,122,94,1,2,0,0,"N","N","N","N",0,0,95.74,42.55,"N","N",0,0,0,0,"","","","","","","",,,,,,,,,,,,,,,,,,,,,,,,,,,,,,,,,,,,,,,,,,,,,,,,,,,,,,,,,,,,,,,,,,,,,,,,,,
"06/07/20","335458","THE GRAND REHABILITATION AND NURSING AT PAWLING","9 RESERVOIR ROAD","PAWLING","NY","12564","8458555700","Dutchess","Y","Y",0,3,0,9,0,5,0,4,122,94,0,2,0,0,"N","N","N","N",0,0,95.74,42.55,"N","N",0,0,0,0,"","","","","","","",,,,,,,,,,,,,,,,,,,,,,,,,,,,,,,,,,,,,,,,,,,,,,,,,,,,,,,,,,,,,,,,,,,,,,,,,,
"06/14/20","335458","THE GRAND REHABILITATION AND NURSING AT PAWLING","9 RESERVOIR ROAD","PAWLING","NY","12564","8458555700","Dutchess","Y","Y",0,3,0,9,0,5,0,4,122,92,1,3,0,0,"N","N","N","N",0,0,97.83,43.48,"N","N",0,0,0,0,"","","","","","","",,,,,,,,,,,,,,,,,,,,,,,,,,,,,,,,,,,,,,,,,,,,,,,,,,,,,,,,,,,,,,,,,,,,,,,,,,
"06/21/20","335458","THE GRAND REHABILITATION AND NURSING AT PAWLING","9 RESERVOIR ROAD","PAWLING","NY","12564","8458555700","Dutchess","Y","Y",0,3,0,9,0,5,0,4,122,93,0,3,0,0,"N","N","N","N",0,0,96.77,43.01,"N","N",0,0,0,0,"","","","","","","",,,,,,,,,,,,,,,,,,,,,,,,,,,,,,,,,,,,,,,,,,,,,,,,,,,,,,,,,,,,,,,,,,,,,,,,,,
"06/28/20","335458","THE GRAND REHABILITATION AND NURSING AT PAWLING","9 RESERVOIR ROAD","PAWLING","NY","12564","8458555700","Dutchess","Y","Y",0,3,0,9,0,5,0,4,122,92,5,8,0,0,"N","N","N","N",0,0,97.83,43.48,"N","N",0,0,0,0,"","","","","","","",,,,,,,,,,,,,,,,,,,,,,,,,,,,,,,,,,,,,,,,,,,,,,,,,,,,,,,,,,,,,,,,,,,,,,,,,,
"07/05/20","335458","THE GRAND REHABILITATION AND NURSING AT PAWLING","9 RESERVOIR ROAD","PAWLING","NY","12564","8458555700","Dutchess","Y","Y",0,3,0,9,0,5,0,4,122,90,1,9,0,0,"N","N","N","N",0,0,100,44.44,"N","N",0,0,0,0,"","","","","","","",,,,,,,,,,,,,,,,,,,,,,,,,,,,,,,,,,,,,,,,,,,,,,,,,,,,,,,,,,,,,,,,,,,,,,,,,,
"07/12/20","335458","THE GRAND REHABILITATION AND NURSING AT PAWLING","9 RESERVOIR ROAD","PAWLING","NY","12564","8458555700","Dutchess","Y","Y",0,3,0,9,1,6,0,4,122,89,1,10,0,0,"N","N","N","N",0,0,101.12,44.94,"N","N",0,0,0,0,"","","","","","","",,,,,,,,,,,,,,,,,,,,,,,,,,,,,,,,,,,,,,,,,,,,,,,,,,,,,,,,,,,,,,,,,,,,,,,,,,
"07/19/20","335458","THE GRAND REHABILITATION AND NURSING AT PAWLING","9 RESERVOIR ROAD","PAWLING","NY","12564","8458555700","Dutchess","Y","Y",0,3,0,9,0,6,0,4,122,89,0,10,0,0,"N","N","N","N",0,0,101.12,44.94,"N","N",0,0,0,0,"","","","","","","",,,,,,,,,,,,,,,,,,,,,,,,,,,,,,,,,,,,,,,,,,,,,,,,,,,,,,,,,,,,,,,,,,,,,,,,,,
"07/26/20","335458","THE GRAND REHABILITATION AND NURSING AT PAWLING","9 RESERVOIR ROAD","PAWLING","NY","12564","8458555700","Dutchess","Y","Y",0,3,0,9,1,7,0,4,122,89,0,10,0,0,"N","N","N","N",0,0,101.12,44.94,"N","N",0,0,0,0,"","","","","","","",,,,,,,,,,,,,,,,,,,,,,,,,,,,,,,,,,,,,,,,,,,,,,,,,,,,,,,,,,,,,,,,,,,,,,,,,,
"08/02/20","335458","THE GRAND REHABILITATION AND NURSING AT PAWLING","9 RESERVOIR ROAD","PAWLING","NY","12564","8458555700","Dutchess","Y","Y",0,3,0,9,0,7,0,4,122,89,0,10,0,0,"N","N","N","N",0,0,101.12,44.94,"N","N",0,0,0,0,"","","","","","","",,,,,,,,,,,,,,,,,,,,,,,,,,,,,,,,,,,,,,,,,,,,,,,,,,,,,,,,,,,,,,,,,,,,,,,,,,
"08/09/20","335458","THE GRAND REHABILITATION AND NURSING AT PAWLING","9 RESERVOIR ROAD","PAWLING","NY","12564","8458555700","Dutchess","Y","Y",0,3,0,9,0,7,0,4,122,90,1,11,0,0,"N","N","N","N",0,0,100,44.44,"N","N",0,0,0,0,"","","","","","","",,,,,,,,,,,,,,,,,,,,,,,,,,,,,,,,,,,,,,,,,,,,,,,,,,,,,,,,,,,,,,,,,,,,,,,,,,
"08/16/20","335458","THE GRAND REHABILITATION AND NURSING AT PAWLING","9 RESERVOIR ROAD","PAWLING","NY","12564","8458555700","Dutchess","Y","Y",0,3,0,9,0,7,0,4,122,89,0,11,0,0,"Y","Y","Y","Y",0,0,101.12,44.94,"N","N",0,0,0,0,"","","","","","","",,,,,,,,,,,,,,,,,,,,,,,,,,,,,,,,,,,,,,,,,,,,,,,,,,,,,,,,,,,,,,,,,,,,,,,,,,
"08/23/20","335458","THE GRAND REHABILITATION AND NURSING AT PAWLING","9 RESERVOIR ROAD","PAWLING","NY","12564","8458555700","Dutchess","Y","Y",0,3,0,9,0,7,0,4,122,88,0,11,0,0,"N","Y","Y","N",0,0,102.27,45.45,"N","N",0,0,0,0,"","","","","","","",,,,,,,,,,,,,,,,,,,,,,,,,,,,,,,,,,,,,,,,,,,,,,,,,,,,,,,,,,,,,,,,,,,,,,,,,,
"08/30/20","335458","THE GRAND REHABILITATION AND NURSING AT PAWLING","9 RESERVOIR ROAD","PAWLING","NY","12564","8458555700","Dutchess","Y","Y",0,3,0,9,0,7,0,4,122,91,0,11,0,0,"N","N","N","N",0,0,98.9,43.96,"N","N",0,0,0,0,"","","","","","","",,,,,,,,,,,,,,,,,,,,,,,,,,,,,,,,,,,,,,,,,,,,,,,,,,,,,,,,,,,,,,,,,,,,,,,,,,
"09/06/20","335458","THE GRAND REHABILITATION AND NURSING AT PAWLING","9 RESERVOIR ROAD","PAWLING","NY","12564","8458555700","Dutchess","Y","Y",0,3,0,9,0,7,0,4,122,94,1,12,0,0,"N","N","N","N",0,0,95.74,42.55,"N","N",0,0,0,0,"","","","","","","",,,,,,,,,,,,,,,,,,,,,,,,,,,,,,,,,,,,,,,,,,,,,,,,,,,,,,,,,,,,,,,,,,,,,,,,,,
"09/13/20","335458","THE GRAND REHABILITATION AND NURSING AT PAWLING","9 RESERVOIR ROAD","PAWLING","NY","12564","8458555700","Dutchess","Y","Y",0,3,0,9,0,7,0,4,122,95,1,13,0,0,"N","N","N","N",0,0,94.74,42.11,"N","N",0,0,0,0,"","","","","","","",,,,,,,,,,,,,,,,,,,,,,,,,,,,,,,,,,,,,,,,,,,,,,,,,,,,,,,,,,,,,,,,,,,,,,,,,,
"09/20/20","335458","THE GRAND REHABILITATION AND NURSING AT PAWLING","9 RESERVOIR ROAD","PAWLING","NY","12564","8458555700","Dutchess","Y","Y",0,3,0,9,1,8,0,4,122,94,1,14,0,0,"N","N","N","N",0,0,95.74,42.55,"N","N",0,0,0,0,"","","","","","","",,,,,,,,,,,,,,,,,,,,,,,,,,,,,,,,,,,,,,,,,,,,,,,,,,,,,,,,,,,,,,,,,,,,,,,,,,
"09/27/20","335458","THE GRAND REHABILITATION AND NURSING AT PAWLING","9 RESERVOIR ROAD","PAWLING","NY","12564","8458555700","Dutchess","Y","Y",0,3,0,9,0,8,0,4,122,99,0,14,0,0,"N","N","N","N",0,0,90.91,40.4,"N","N",0,0,0,0,"","","","","","","",,,,,,,,,,,,,,,,,,,,,,,,,,,,,,,,,,,,,,,,,,,,,,,,,,,,,,,,,,,,,,,,,,,,,,,,,,
"10/04/20","335458","THE GRAND REHABILITATION AND NURSING AT PAWLING","9 RESERVOIR ROAD","PAWLING","NY","12564","8458555700","Dutchess","Y","Y",0,3,0,9,1,9,0,4,122,100,0,14,0,0,"N","N","Y","N",0,0,90,40,"N","N",0,0,0,0,"","","","","","","",,,,,,,,,,,,,,,,,,,,,,,,,,,,,,,,,,,,,,,,,,,,,,,,,,,,,,,,,,,,,,,,,,,,,,,,,,
"10/11/20","335458","THE GRAND REHABILITATION AND NURSING AT PAWLING","9 RESERVOIR ROAD","PAWLING","NY","12564","8458555700","Dutchess","Y","Y",0,3,0,9,2,11,0,4,122,98,0,14,0,0,"N","N","N","N",0,0,91.84,40.82,"N","N",0,0,0,0,"","","","","","","",,,,,,,,,,,,,,,,,,,,,,,,,,,,,,,,,,,,,,,,,,,,,,,,,,,,,,,,,,,,,,,,,,,,,,,,,,
"10/18/20","335458","THE GRAND REHABILITATION AND NURSING AT PAWLING","9 RESERVOIR ROAD","PAWLING","NY","12564","8458555700","Dutchess","Y","Y",0,3,0,9,1,12,0,4,122,94,2,16,0,0,"N","N","N","N",0,0,95.74,42.55,"N","N",0,0,0,0,"","","","","","","",,,,,,,,,,,,,,,,,,,,,,,,,,,,,,,,,,,,,,,,,,,,,,,,,,,,,,,,,,,,,,,,,,,,,,,,,,
"10/25/20","335458","THE GRAND REHABILITATION AND NURSING AT PAWLING","9 RESERVOIR ROAD","PAWLING","NY","12564","8458555700","Dutchess","Y","Y",0,3,0,9,0,12,0,4,122,91,0,16,0,0,"N","N","N","N",0,0,98.9,43.96,"N","N",0,0,0,0,"","","","","","","",,,,,,,,,,,,,,,,,,,,,,,,,,,,,,,,,,,,,,,,,,,,,,,,,,,,,,,,,,,,,,,,,,,,,,,,,,
"11/01/20","335458","THE GRAND REHABILITATION AND NURSING AT PAWLING","9 RESERVOIR ROAD","PAWLING","NY","12564","8458555700","Dutchess","Y","Y",0,3,0,9,0,12,0,4,122,91,1,17,0,0,"N","N","N","N",0,0,98.9,43.96,"N","N",0,0,0,0,"","","","","","","",,,,,,,,,,,,,,,,,,,,,,,,,,,,,,,,,,,,,,,,,,,,,,,,,,,,,,,,,,,,,,,,,,,,,,,,,,
"11/08/20","335458","THE GRAND REHABILITATION AND NURSING AT PAWLING","9 RESERVOIR ROAD","PAWLING","NY","12564","8458555700","Dutchess","Y","Y",0,3,0,9,0,12,0,4,122,96,0,17,0,0,"N","N","N","N",0,0,93.75,41.67,"N","N",0,0,0,0,"","","","","","","",,,,,,,,,,,,,,,,,,,,,,,,,,,,,,,,,,,,,,,,,,,,,,,,,,,,,,,,,,,,,,,,,,,,,,,,,,
"11/15/20","335458","THE GRAND REHABILITATION AND NURSING AT PAWLING","9 RESERVOIR ROAD","PAWLING","NY","12564","8458555700","Dutchess","Y","Y",0,3,0,9,0,12,0,4,122,96,0,17,0,0,"N","N","N","N",0,0,93.75,41.67,"N","N",0,0,0,0,"","","","","","","",,,,,,,,,,,,,,,,,,,,,,,,,,,,,,,,,,,,,,,,,,,,,,,,,,,,,,,,,,,,,,,,,,,,,,,,,,
"11/22/20","335458","THE GRAND REHABILITATION AND NURSING AT PAWLING","9 RESERVOIR ROAD","PAWLING","NY","12564","8458555700","Dutchess","Y","Y",0,3,2,11,4,16,0,4,122,93,1,18,0,0,"N","N","N","N",21.51,0,118.28,43.01,"N","N",0,0,0,0,"","","","","","","",,,,,,,,,,,,,,,,,,,,,,,,,,,,,,,,,,,,,,,,,,,,,,,,,,,,,,,,,,,,,,,,,,,,,,,,,,
"11/29/20","335458","THE GRAND REHABILITATION AND NURSING AT PAWLING","9 RESERVOIR ROAD","PAWLING","NY","12564","8458555700","Dutchess","Y","Y",0,3,0,11,0,16,0,4,122,91,2,20,0,0,"N","N","N","N",0,0,120.88,43.96,"N","N",0,0,2,0,"","","","","","","",,,,,,,,,,,,,,,,,,,,,,,,,,,,,,,,,,,,,,,,,,,,,,,,,,,,,,,,,,,,,,,,,,,,,,,,,,
"12/06/20","335458","THE GRAND REHABILITATION AND NURSING AT PAWLING","9 RESERVOIR ROAD","PAWLING","NY","12564","8458555700","Dutchess","Y","Y",0,3,0,11,1,17,0,4,122,91,4,24,0,0,"N","N","N","Y",0,0,120.88,43.96,"N","N",1,0,4,0,"","","","","","","",,,,,,,,,,,,,,,,,,,,,,,,,,,,,,,,,,,,,,,,,,,,,,,,,,,,,,,,,,,,,,,,,,,,,,,,,,
"12/13/20","335458","THE GRAND REHABILITATION AND NURSING AT PAWLING","9 RESERVOIR ROAD","PAWLING","NY","12564","8458555700","Dutchess","Y","Y",0,3,0,11,0,17,0,4,122,92,0,24,0,0,"N","N","N","N",0,0,119.57,43.48,"N","N",0,0,0,0,"","","","","","","",,,,,,,,,,,,,,,,,,,,,,,,,,,,,,,,,,,,,,,,,,,,,,,,,,,,,,,,,,,,,,,,,,,,,,,,,,
"12/20/20","335458","THE GRAND REHABILITATION AND NURSING AT PAWLING","9 RESERVOIR ROAD","PAWLING","NY","12564","8458555700","Dutchess","Y","Y",0,3,2,13,0,17,0,4,122,90,3,27,0,0,"Y","N","Y","N",22.22,0,144.44,44.44,"N","N",2,1,3,0,"","","","","","","",,,,,,,,,,,,,,,,,,,,,,,,,,,,,,,,,,,,,,,,,,,,,,,,,,,,,,,,,,,,,,,,,,,,,,,,,,
"12/27/20","335458","THE GRAND REHABILITATION AND NURSING AT PAWLING","9 RESERVOIR ROAD","PAWLING","NY","12564","8458555700","Dutchess","Y","Y",0,3,0,13,0,17,0,4,122,91,0,27,0,0,"N","N","N","N",0,0,142.86,43.96,"N","N",0,0,0,0,"","","","","","","",,,,,,,,,,,,,,,,,,,,,,,,,,,,,,,,,,,,,,,,,,,,,,,,,,,,,,,,,,,,,,,,,,,,,,,,,,
